{"cameraMode":{"drawMode":0,"name":"Shaded","section":"Shading Mode"},"sceneLighting":false,"audioPlay":false,"sceneViewState":{"showFog":false,"showMaterialUpdate":false,"showSkybox":false,"showFlares":false,"showImageEffects":false,"showParticleSystems":false},"in2DMode":false,"pivot":{"x":-0.12534093856811524,"y":-0.003224492073059082,"z":20.184974670410158},"rotation":{"x":0.15211144089698792,"y":0.47302287817001345,"z":-0.08330585062503815,"w":0.8638228178024292},"size":1.4361406564712525,"orthographic":false}