{"cameraMode":{"drawMode":0,"name":"Shaded","section":"Shading Mode"},"sceneLighting":false,"audioPlay":false,"sceneViewState":{"showFog":false,"showMaterialUpdate":false,"showSkybox":false,"showFlares":false,"showImageEffects":false,"showParticleSystems":false},"in2DMode":false,"pivot":{"x":-4.018393039703369,"y":27.771047592163087,"z":7.976330757141113},"rotation":{"x":0.6113103628158569,"y":0.05662447586655617,"z":0.04387011379003525,"w":-0.7881602048873901},"size":29.77549934387207,"orthographic":false}