{"cameraMode":{"drawMode":0,"name":"Shaded","section":"Shading Mode"},"sceneLighting":false,"audioPlay":false,"sceneViewState":{"showFog":false,"showMaterialUpdate":false,"showSkybox":false,"showFlares":false,"showImageEffects":false,"showParticleSystems":false},"in2DMode":false,"pivot":{"x":2.2259361743927,"y":-26.338359832763673,"z":14.627476692199707},"rotation":{"x":0.6685544848442078,"y":-0.008232752792537213,"z":0.007440976798534393,"w":0.7435997724533081},"size":24.59537696838379,"orthographic":false}