{"cameraMode":{"drawMode":0,"name":"Shaded","section":"Shading Mode"},"sceneLighting":false,"audioPlay":false,"sceneViewState":{"showFog":false,"showMaterialUpdate":false,"showSkybox":false,"showFlares":false,"showImageEffects":false,"showParticleSystems":false},"in2DMode":false,"pivot":{"x":21.53854751586914,"y":-16.785673141479493,"z":12.559975624084473},"rotation":{"x":0.31746917963027956,"y":0.5810098648071289,"z":-0.26283276081085207,"w":0.7018373608589172},"size":10.0,"orthographic":false}