{"cameraMode":{"drawMode":0,"name":"Shaded","section":"Shading Mode"},"sceneLighting":false,"audioPlay":false,"sceneViewState":{"showFog":false,"showMaterialUpdate":false,"showSkybox":false,"showFlares":false,"showImageEffects":false,"showParticleSystems":false},"in2DMode":false,"pivot":{"x":-1.3169834613800049,"y":2.7699856758117677,"z":-0.023879826068878175},"rotation":{"x":0.3419893980026245,"y":0.47478362917900088,"z":-0.20710773766040803,"w":0.7840576171875},"size":1.2247449159622193,"orthographic":false}