{"cameraMode":{"drawMode":0,"name":"Shaded","section":"Shading Mode"},"sceneLighting":false,"audioPlay":false,"sceneViewState":{"showFog":false,"showMaterialUpdate":false,"showSkybox":false,"showFlares":false,"showImageEffects":false,"showParticleSystems":false},"in2DMode":false,"pivot":{"x":-0.0028551698196679355,"y":0.24096587300300599,"z":20.435806274414064},"rotation":{"x":0.06136356294155121,"y":0.7580024600028992,"z":-0.07208669185638428,"w":0.6453587412834168},"size":10.0,"orthographic":false}