{"cameraMode":{"drawMode":0,"name":"Shaded","section":"Shading Mode"},"sceneLighting":false,"audioPlay":false,"sceneViewState":{"showFog":false,"showMaterialUpdate":false,"showSkybox":false,"showFlares":false,"showImageEffects":false,"showParticleSystems":false},"in2DMode":false,"pivot":{"x":30.798025131225587,"y":14.725175857543946,"z":18.606563568115236},"rotation":{"x":0.06182058900594711,"y":0.3593371510505676,"z":-0.02384166419506073,"w":0.930855393409729},"size":19.195457458496095,"orthographic":false}