{"cameraMode":{"drawMode":0,"name":"Shaded","section":"Shading Mode"},"sceneLighting":false,"audioPlay":false,"sceneViewState":{"showFog":false,"showMaterialUpdate":false,"showSkybox":false,"showFlares":false,"showImageEffects":false,"showParticleSystems":false},"in2DMode":false,"pivot":{"x":-4.538033485412598,"y":-14.037508010864258,"z":-0.10814714431762696},"rotation":{"x":0.12426029145717621,"y":-0.2209910899400711,"z":0.028390642255544664,"w":0.966923177242279},"size":19.195457458496095,"orthographic":false}