{"cameraMode":{"drawMode":0,"name":"Shaded","section":"Shading Mode"},"sceneLighting":false,"audioPlay":false,"sceneViewState":{"showFog":false,"showMaterialUpdate":false,"showSkybox":false,"showFlares":false,"showImageEffects":false,"showParticleSystems":false},"in2DMode":false,"pivot":{"x":-1.037114143371582,"y":-0.42491769790649416,"z":1.6478853225708008},"rotation":{"x":-0.12086495012044907,"y":0.8484453558921814,"z":-0.22009000182151795,"w":-0.4659333825111389},"size":10.0,"orthographic":false}